Artwork,Artists,Medium
Man In Square,Alberto Giacometti,Sculpture / Statue
Portrait Of A Man,Amedeo Modigliani,Painting
Bald Eagle,Andy Warhol,Print
Portrait Of Louis Brandeis,Andy Warhol,Print
Mickey Mouse,Andy Warhol,Print
Shoes,Andy Warhol,Painting
Mao,Andy Warhol,Print
Torso Of Desperate Teenager,Auguste Rodin,Sculpture / Statue
Reflections On Water,Claude Monet,Painting
Programme For An Artistic Soiree,Edgar Degas,Drawing
Femme Aux Deux Mains,Fernand Léger,Sculpture / Statue
Hasta Ensordecer,Francisco de Goya,Print
The White Cloth,Georges Braque,Painting
Small Bird On A Blue Background,Georges Braque,Print
Fodros RuhÃ¡s NÅ,Gustav Klimt,Painting
Le Jardin Du Luxembourg,Henri Matisse,Painting
Landscape At Dawn With Staffage,Jan Vermeer,Painting
Femme Oiseau,Joan Miró,Sculpture / Statue
The Marriage Star,Joan Miró,Painting
Nude Woman,Leonardo Da Vinci,Painting
Interior,Marc Chagall,Print
The Artist 1,Marc Chagall,Print
Moses And The Tablets Of The Law,Marc Chagall,Painting
Still Life,Marc Chagall,Painting
Wild Flowers,Marc Chagall,Print
Asher,Marc Chagall,Print
Still Life With Flowers,Marc Chagall,Print
Bicycle Wheel On A Stool,Marcel Duchamp,Sculpture / Statue
Still Life - Shell -,Max Ernst,Painting
Jacqueline At The Easel,Pablo Picasso,Sculpture / Statue
Femme Assise A La Guitare,Pablo Picasso,Drawing
Projet DAffiche Pour Exposition De Ceramique,Pablo Picasso,Drawing
Projet DAffiche Pour Exposition De Ceramique,Pablo Picasso,Drawing
Personnage,Pablo Picasso,Drawing
Nageur,Pablo Picasso,Drawing
La Plage,Pablo Picasso,Drawing
Visage DHomme,Pablo Picasso,Drawing
Visage DHomme,Pablo Picasso,Drawing
La Paix,Pablo Picasso,Drawing
Mousquetaire Recto Verso,Pablo Picasso,Drawing
Colombe En Vol,Pablo Picasso,Drawing
Chevalier Galant,Pablo Picasso,Drawing
Le Laboureur Celeste,Pablo Picasso,Drawing
Etudes De Visages,Pablo Picasso,Drawing
Tete,Pablo Picasso,Drawing
Tete,Pablo Picasso,Drawing
Interieur,Pablo Picasso,Drawing
Ane,Pablo Picasso,Drawing
Ane,Pablo Picasso,Drawing
Ane,Pablo Picasso,Drawing
Petite Fille De Face : Maia,Pablo Picasso,Drawing
Equisse De Chat Devorant Un Pigeon,Pablo Picasso,Drawing
Basse-Cour,Pablo Picasso,Drawing
Nu,Pablo Picasso,Drawing
Femme Assise Mains Croisees Et Details,Pablo Picasso,Drawing
Etude Pour Lystrata,Pablo Picasso,Drawing
Etude Pour Lystrata (Le Festin),Pablo Picasso,Drawing
Deux Chevaux,Pablo Picasso,Drawing
Femme Soulevant Une Table,Pablo Picasso,Drawing
Scene Erotique,Pablo Picasso,Drawing
Deux Etudes De Personnages,Pablo Picasso,Drawing
Nature Morte A La Guitare,Pablo Picasso,Drawing
Etude Pour Homme Lisant Un Journal,Pablo Picasso,Drawing
Femme Jouant Du Violon Devant Un Piano,Pablo Picasso,Drawing
Femme A La Guitare,Pablo Picasso,Drawing
Projet Pour Sculpture En Bois,Pablo Picasso,Drawing
Visage,Pablo Picasso,Drawing
Etude De Femme Les Bras Croises Sur La Tete,Pablo Picasso,Drawing
Etude De Nu,Pablo Picasso,Drawing
Profil DUn Homme Barbu,Pablo Picasso,Drawing
Tete De Belier,Pablo Picasso,Drawing
Arlequin,Pablo Picasso,Drawing
Personnage Penche,Pablo Picasso,Drawing
Femme Dans Un Fauteuil,Pablo Picasso,Drawing
Centaur Brooch,Pablo Picasso,Gold & Silverware / Jewellery
Several Nudes,Pablo Picasso,Print
Olga With A Mantilla On Her Head,Pablo Picasso,Drawing
Olga With Untied Hair,Pablo Picasso,Drawing
Sketch For A Woman Seated In An Armchair,Pablo Picasso,Drawing
Sketch For Still Life With Mandolin,Pablo Picasso,Drawing
Corrida,Pablo Picasso,Drawing
"Young Girl, Drawing Of Male Head, Nude ...",Pablo Picasso,Print
Portrait Of A Man,Pablo Picasso,Drawing
Portrait Of A Woman,Pablo Picasso,Drawing
Naked Woman,Pablo Picasso,Drawing
Guitar And Fruit Dish,Pablo Picasso,Painting
Seated Nude And Monk,Pablo Picasso,Drawing
"A Female Figure, Her Breasts Bared",Pablo Picasso,Print
A Dove,Pablo Picasso,Painting
View Of A Garden,Paul Cézanne,Painting
Peaches On A Plate,Paul Cézanne,Painting
Triumph Of Faith On Heresy,Peter Paul Rubens,Drawing
Portrait Of Saskia And Helene Fourment,Peter Paul Rubens,Painting
The Assumption,Peter Paul Rubens,Painting
Portrait Of A Young Girl,Pierre-Auguste Renoir,Drawing
Nude Female Sitting In A Forest,Pierre-Auguste Renoir,Painting
Les Bijoux Indiscrets,René Magritte,Drawing
Profile Of Time,Salvador Dalí,Sculpture / Statue
Plaque Fuente De Vida,Salvador Dalí,Gold & Silverware / Jewellery
Saint Narciso,Salvador Dalí,Painting
Woman Aflame,Salvador Dalí,Sculpture / Statue
Eve Spacial,Salvador Dalí,Sculpture / Statue
Male Nude,Salvador Dalí,Drawing
The Songs Of Maldoror,Salvador Dalí,Print
The Songs Of Maldoror,Salvador Dalí,Print
Spring Garden,Vincent van Gogh,Painting
Vincent On His Way To His Job,Vincent van Gogh,Painting
Ritratto Di Donna Dama Don Capello,Amedeo Modigliani,Painting
CampbellS Soup I (Vegetable),Andy Warhol,Print
Portrait Of Sigmund Freud,Andy Warhol,Print
Portrait Of Martin Buber,Andy Warhol,Print
Birth Of Venus,Andy Warhol,Print
Joseph Beuys 1980,Andy Warhol,Print
Flowers,Andy Warhol,Print
Andy Warhol Self Portrait,Andy Warhol,Painting
Kneeling Woman,Auguste Rodin,Sculpture / Statue
Bust Of Balzac,Auguste Rodin,Sculpture / Statue
Male Torso,Auguste Rodin,Sculpture / Statue
The Plain Of Gennevillers,Claude Monet,Painting
Portrait De Mme Zetlin,Diego Rivera,Painting
Three Jockeys On Horseback,Edgar Degas,Drawing
Walking Horse,Edgar Degas,Sculpture / Statue
Betzy Nilsen,Edvard Munch,Painting
Nude Woman Lying On The Grass,Eugène Delacroix,Painting
Zuhano Zold Papagaj,Fernand Léger,Painting
El Gran Albino,Francisco de Goya,Print
Cinco O Seis Por Lo Menos,Francisco de Goya,Print
The Small Yellow Basket,Georges Braque,Painting
Red-Blue-Yellow,Gerhard Richter,Painting
Vase De Tulipes Rouges Et Jaunes,Henri Matisse,Painting
View Of Saint Tropez,Henri Matisse,Painting
Reclining Figure,Henry Moore,Sculpture / Statue
Fallen Giant,Henry Moore,Print
Column,Henry Moore,Sculpture / Statue
Femme Aux Beaux Seins,Joan Miró,Sculpture / Statue
Composition,Joan Miró,Print
Nativity,Luca Longhi,Painting
Les Amoureux Sous La Lune,Marc Chagall,Painting
Le Roi David,Marc Chagall,Print
Christ In The Clock,Marc Chagall,Print
Nephtali,Marc Chagall,Print
Zakulon,Marc Chagall,Print
Lovers With Flowers,Marc Chagall,Painting
Graphism Rose Abstract,Max Ernst,Print
Head Of A Young Girl,Pablo Picasso,Print
La Conversation,Pablo Picasso,Drawing
Personnage Assis Jambes Croisees,Pablo Picasso,Drawing
Personnages Assis Et Adosses A Un Arbre,Pablo Picasso,Drawing
Etude De Personnages Couches,Pablo Picasso,Drawing
Femme Couchee,Pablo Picasso,Drawing
"Volute Decoupee, Personnage Assis",Pablo Picasso,Drawing
Joute Nautique A Cannes,Pablo Picasso,Drawing
Etude Pour Plaza,Pablo Picasso,Drawing
Plaza,Pablo Picasso,Drawing
La Plage,Pablo Picasso,Drawing
La Plage,Pablo Picasso,Drawing
Coq,Pablo Picasso,Drawing
Homme A La Fleur : Beloyannis,Pablo Picasso,Drawing
Cavalier En Armure,Pablo Picasso,Drawing
Le Laboureur Celeste,Pablo Picasso,Drawing
Deux Visages,Pablo Picasso,Drawing
Cinq Tetes,Pablo Picasso,Drawing
Ane,Pablo Picasso,Drawing
Ane,Pablo Picasso,Drawing
Deux Personnages Avec Cabine De Bain,Pablo Picasso,Drawing
Sculpteur Et Modele,Pablo Picasso,Drawing
Etude Pour Lystrata,Pablo Picasso,Drawing
Etude Pour Lystrata,Pablo Picasso,Drawing
La Couseuse,Pablo Picasso,Drawing
Personnage-Architecture,Pablo Picasso,Drawing
Etude De Barque,Pablo Picasso,Drawing
Etude DUn Nu Les Bras Croises Sur La Tete,Pablo Picasso,Drawing
WomanS Head,Pablo Picasso,Drawing
"Tetes, Taureau",Pablo Picasso,Drawing
Torero,Pablo Picasso,Drawing
Femme Nue Aux Cheveux Longs,Pablo Picasso,Drawing
Jeanne Huyda,Pablo Picasso,Drawing
HarlequinS Head,Pablo Picasso,Drawing
WomanS Head,Pablo Picasso,Painting
Man And Woman,Pablo Picasso,Print
Faun Playing An Instrument,Pablo Picasso,Drawing
Portrait Of Olga,Pablo Picasso,Drawing
Olga Seated In An Armchair,Pablo Picasso,Drawing
"Bottle, Score, Glass And Newspaper",Pablo Picasso,Drawing
Heads Of Sculptor & Model ...,Pablo Picasso,Print
RamS Head,Pablo Picasso,Drawing
Bloch 1603 Celestine,Pablo Picasso,Print
Sculpture And Reclining Model Viewing .. Head,Pablo Picasso,Print
WomanS Head,Pablo Picasso,Painting
Couple Seated In A Cafe,Pablo Picasso,Print
Still Life With A Skull,Pablo Picasso,Print
Basket Of Fruit,Pablo Picasso,Painting
Reclining Nude And Flute Player,Pablo Picasso,Drawing
El Tonto,Pablo Picasso,Painting
Nude Women With A Man,Pablo Picasso,Print
Auvers Sur Oise,Paul Cézanne,Painting
Still Life,Paul Gauguin,Painting
End Of The World - Deluge,Peter Paul Rubens,Painting
The Last Judgement,Peter Paul Rubens,Painting
Portrait De Jeune Fille Blonde,Pierre-Auguste Renoir,Painting
Madeleine Leaning On Her Elbow,Pierre-Auguste Renoir,Painting
Tete De Fillette,Pierre-Auguste Renoir,Painting
Portrait Of A Young Girl In Mauve,Pierre-Auguste Renoir,Painting
2 People In Theatre Box Looking At The Stage,Pierre-Auguste Renoir,Painting
Landscape With Trees And Flowers,Pierre-Auguste Renoir,Painting
Three Naked Figures,Raphaello,Drawing
Fire In The District,Raphaello,Painting
Descent From The Cross,Raphaello,Painting
"God, Time, Space And The Pope",Salvador Dalí,Print
The Frozen Watches Of Space Time,Salvador Dalí,Print
Christ Of St. John On The Cross,Salvador Dalí,Sculpture / Statue
Tonora,Salvador Dalí,Drawing
The Songs Of Maldoror,Salvador Dalí,Print
Furstenberg Place,Salvador Dalí,Print
The Spectre And The Rose,Salvador Dalí,Print
Brooms And Red Poppies,Vincent van Gogh,Painting
La Femme A LEventail,Amedeo Modigliani,Painting
CampbellS Soup I (Black Bean),Andy Warhol,Print
CampbellS Soup I (Chicken Noodle),Andy Warhol,Print
Superman,Andy Warhol,Print
Wayne Gretzky No. 99,Andy Warhol,Print
Eternal Spring,Auguste Rodin,Sculpture / Statue
A Slim Nude Woman,Auguste Rodin,Sculpture / Statue
"Peter Of Wiessant, Citizen Of Calais",Auguste Rodin,Sculpture / Statue
"Waterloo Bridge, London",Claude Monet,Drawing
Horse Walking,Edgar Degas,Sculpture / Statue
Programme For An Artistic Soiree,Edgar Degas,Drawing
Madonna,Edvard Munch,Print
Abstract,Fernand Léger,Painting
The Landing-Stage,Georges Braque,Painting
Portrait Of Johanna (KlimtS Sister),Gustav Klimt,Drawing
Pastorale,Henri Matisse,Painting
The Fan,Henri Matisse,Drawing
Two Nude Women Sitting,Henry Moore,Drawing
Abstract Work,Jackson Pollock,Painting
Collage,Jackson Pollock,Painting
Strong Wind,Joan Miró,Print
Man In Prayer,Marc Chagall,Painting
Bouquet De Fleurs,Marc Chagall,Print
Angels Bay,Marc Chagall,Painting
Couple In Love Over The Paris Opera,Marc Chagall,Print
Rooster With Crescent,Marc Chagall,Print
Gad,Marc Chagall,Print
Juda,Marc Chagall,Print
The Clowns As Musicians,Marc Chagall,Print
The Small Window,Marc Chagall,Print
Flowers,Pablo Picasso,Painting
Portrait Of Dora Maar,Pablo Picasso,Drawing
Projet DAffiche Pour Exposition De Ceramique,Pablo Picasso,Drawing
Projet DAffiche Pour Exposition De Ceramique,Pablo Picasso,Drawing
Deux Etudes De Sylvette Debout,Pablo Picasso,Drawing
Deux Cavaliers Et Leurs Pages,Pablo Picasso,Drawing
Le Laboureur Celeste,Pablo Picasso,Drawing
Portrait De Martin Fabiani,Pablo Picasso,Drawing
"Femme, Enfant Et Poisson",Pablo Picasso,Drawing
Mains,Pablo Picasso,Drawing
Mains Jointes,Pablo Picasso,Drawing
Ane,Pablo Picasso,Drawing
Buste De Femme,Pablo Picasso,Drawing
Femme Et Fillette,Pablo Picasso,Drawing
Femme Sur Une Plage Et Nageurs,Pablo Picasso,Drawing
Vue A Assise Drapee,Pablo Picasso,Drawing
Etude DUne Femme,Pablo Picasso,Drawing
Etude Pour Lystrata,Pablo Picasso,Drawing
Maison A Juan Les Pins,Pablo Picasso,Drawing
Deux Chevaux,Pablo Picasso,Drawing
Baigneuse Allongee,Pablo Picasso,Drawing
Scene Erotique,Pablo Picasso,Drawing
Couple Et Cupidon,Pablo Picasso,Drawing
Etude De Lignes Paralleles,Pablo Picasso,Drawing
Fiacre,Pablo Picasso,Drawing
Etude Pour Femme A La Guitare,Pablo Picasso,Drawing
Etude Pour Femme Assise Dans Un Fauteuil,Pablo Picasso,Drawing
Personnage Debout,Pablo Picasso,Drawing
Femme Debout,Pablo Picasso,Drawing
Tasse,Pablo Picasso,Drawing
Etude Pour Nu,Pablo Picasso,Drawing
Femme Nue Assise Accoudee,Pablo Picasso,Drawing
Etude DUne Femme De Dos Les Bras Sur La Tete,Pablo Picasso,Drawing
Femme Nue De Dos,Pablo Picasso,Drawing
Femme Assise,Pablo Picasso,Drawing
Petite Fille Jouant,Pablo Picasso,Drawing
Projet Pour Sculpture En Bois,Pablo Picasso,Drawing
Coupe,Pablo Picasso,Drawing
Bullfight,Pablo Picasso,Drawing
Le Pigeon Aux Petits Pois,Pablo Picasso,Painting
Sketchbook Of Drawings,Pablo Picasso,Document / Book
Olga On A Balcony With A View Onto Ramblas,Pablo Picasso,Drawing
Olga On A Balcony With A View Onto Ramblas,Pablo Picasso,Drawing
Sketch For A Woman Seated In An Armchair,Pablo Picasso,Drawing
Sketch For Still Life With Mandolin,Pablo Picasso,Drawing
Bowl With Guitar On A Pedestal Table,Pablo Picasso,Drawing
Bowl And Guitar On A Pedestal Table,Pablo Picasso,Drawing
"Sketch For Still Life With Mandolin, Bowl...",Pablo Picasso,Drawing
Painter And His Model,Pablo Picasso,Drawing
Bloch 1719,Pablo Picasso,Print
Series 347:187,Pablo Picasso,Print
Series 347:91,Pablo Picasso,Print
Couple Copulating On A Divan,Pablo Picasso,Print
A Hen,Pablo Picasso,Print
Profile Of A Woman,Pablo Picasso,Drawing
Portrait Of A Woman Wearing A Hat,Pablo Picasso,Print
"A Female Figure, Her Breasts Bared",Pablo Picasso,Print
GirlS Head,Pablo Picasso,Sculpture / Statue
Still Life,Paul Cézanne,Painting
Rocky Landscape With Winding Path,Paul Cézanne,Painting
Resurrection De Lazare,Peter Paul Rubens,Painting
Head Of A Girl,Peter Paul Rubens,Painting
The Straw Hat,Peter Paul Rubens,Painting
Femme A La Corbeille,Pierre-Auguste Renoir,Painting
Bust Of A Woman,Pierre-Auguste Renoir,Painting
The Windmill,Piet Mondrian,Painting
Madonna Of Mercy,Raphaello,Painting
The Holy Family With John The Baptist,Raphaello,Painting
Virgin And Child,Raphaello,Painting
Antropomorphic Cabinet,Salvador Dalí,Sculpture / Statue
The Caduseus Of Mars...,Salvador Dalí,Print
LAngelus De Millet,Salvador Dalí,Drawing
Elephant,Salvador Dalí,Sculpture / Statue
Auto-Sodomized Young Virgin,Salvador Dalí,Sculpture / Statue
Fecundity,Salvador Dalí,Sculpture / Statue
Centaur,Salvador Dalí,Sculpture / Statue
Christ On The Cross,Salvador Dalí,Sculpture / Statue
Sex,Salvador Dalí,Print
Sex,Salvador Dalí,Drawing
The Individual Tauromachy,Salvador Dalí,Print
Starfish,Salvador Dalí,Painting
Paysage De Saint Remy,Vincent van Gogh,Painting
Original Colours Composition,Wassily Kandinsky,Painting
Portrait Of A Woman,Willem de Kooning,Drawing
ManS Head,Alberto Giacometti,Painting
Cariatide,Amedeo Modigliani,Drawing
Girl Seated At A Cafe Table,Amedeo Modigliani,Drawing
Mick Jagger,Andy Warhol,Print
CampbellS Soup I (Beef),Andy Warhol,Print
Portrait Of Sarah Bernhardt,Andy Warhol,Print
Arnold Schwartzenegger,Andy Warhol,Print
Red Lenin,Andy Warhol,Print
Wayne Gretzky No. 99,Andy Warhol,Print
The Man With The Broken Nose,Auguste Rodin,Sculpture / Statue
Eternal Spring,Auguste Rodin,Sculpture / Statue
The Kiss,Auguste Rodin,Sculpture / Statue
Portrait Of Ernest Meissonier,Claude Monet,Painting
For The Love Of God â Lenticular,Damien Hirst,Print
Ballerina Adjusting Her Slipper,Edgar Degas,Painting
Chez Tortoni,Edouard Manet,Painting
Nature Morte Au Chandelier,Fernand Léger,Painting
Sketch For The Pope,Francis Bacon,Painting
Tabernacle Door,Georges Braque,Religious Or Liturgical Item
Abstract Work,Georges Braque,Painting
Tree And Landscape,Henri Matisse,Drawing
Corsican Landscape Or Olive Tree,Henri Matisse,Painting
Draped Seated Headless Figure,Henry Moore,Sculpture / Statue
Abstract Work,Jackson Pollock,Painting
Femme Et Oiseaux,Joan Miró,Sculpture / Statue
Exhibition Invitation Card N0. 1159,Joan Miró,Painting
LAigrette,Joan Miró,Print
In The Low River,Joan Miró,Print
Summer Herbs,Joan Miró,Print
Cat,Marc Chagall,Sculpture / Statue
Creature Of Fantasy (Child On A Goat),Marc Chagall,Sculpture / Statue
Spirale,Marc Chagall,Painting
David And Bathsheba,Marc Chagall,Print
The Appearance,Marc Chagall,Painting
Flowers With Bird,Marc Chagall,Painting
Young Man Giving A Musician Abunch ..Flowers,Marc Chagall,Painting
"Bride And Groom, Donkey And Other Figures",Marc Chagall,Painting
Dan,Marc Chagall,Print
Simeon,Marc Chagall,Print
Three Figures,Pablo Picasso,Print
"Un Chevalier, Un Page, Trois Femmes ...",Pablo Picasso,Drawing
Tete,Pablo Picasso,Drawing
Etude De Personnages Adosses A Un Arbre,Pablo Picasso,Drawing
La Plage,Pablo Picasso,Drawing
La Plage,Pablo Picasso,Drawing
Visage DHomme,Pablo Picasso,Drawing
Visage DHomme,Pablo Picasso,Drawing
Buffet,Pablo Picasso,Drawing
Sitting Goat,Pablo Picasso,Drawing
Etudes Informelles,Pablo Picasso,Drawing
Etudes,Pablo Picasso,Drawing
Tete,Pablo Picasso,Drawing
Etudes Pour Couple Dans Un Square,Pablo Picasso,Drawing
Mains,Pablo Picasso,Drawing
Mains Jointes,Pablo Picasso,Drawing
Ane,Pablo Picasso,Drawing
Ane,Pablo Picasso,Drawing
Ane,Pablo Picasso,Drawing
Cheval,Pablo Picasso,Drawing
Still Life,Pablo Picasso,Drawing
Etude Pour Lystrata,Pablo Picasso,Drawing
Homme Barbu De Face,Pablo Picasso,Drawing
Etude Pour Une Nature Morte Au Journal,Pablo Picasso,Drawing
Fleurs,Pablo Picasso,Drawing
Gueridon Et Guitare,Pablo Picasso,Drawing
Salle A Manger Rue De La Boetie,Pablo Picasso,Drawing
Portrait DOlga,Pablo Picasso,Drawing
Joueur De Guitare,Pablo Picasso,Drawing
Femme Dans Un Fauteuil,Pablo Picasso,Drawing
Violon,Pablo Picasso,Drawing
Quatre Etudes De Guitaristes,Pablo Picasso,Drawing
Composition Cubiste,Pablo Picasso,Drawing
Etude Nu Debout,Pablo Picasso,Drawing
Visages Feminins,Pablo Picasso,Drawing
Cheval Blesse,Pablo Picasso,Drawing
Danseuses Et Vieilles,Pablo Picasso,Drawing
Mercedes,Pablo Picasso,Drawing
Leaves,Pablo Picasso,Drawing
Homme A La Guitarre,Pablo Picasso,Drawing
Flying Bird,Pablo Picasso,Drawing
Au Cafe,Pablo Picasso,Painting
Bust Of A Woman,Pablo Picasso,Sculpture / Statue
Bullfighter And Bull,Pablo Picasso,Drawing
Seated Figure,Pablo Picasso,Drawing
Olga Leaning On A Couch,Pablo Picasso,Drawing
Sketch For A Woman Seated In An Armchair,Pablo Picasso,Drawing
Sketch For Sceneries,Pablo Picasso,Drawing
Guitar On A Pedestal Table,Pablo Picasso,Drawing
La Danse,Pablo Picasso,Painting
ToreroS Head,Pablo Picasso,Drawing
Quatre Profils Enlaces,Pablo Picasso,Ceramics
Portrait Of Bakst,Pablo Picasso,Print
Standing Nude Male Figure,Pablo Picasso,Drawing
Sculptor With Wine Cup And Crouching Model,Pablo Picasso,Print
Witches Sabbath,Pablo Picasso,Drawing
Human Face,Paul Cézanne,Painting
Green Church Tower As Centre,Paul Klee,Painting
Diana Hunting A Wildboar,Peter Paul Rubens,Painting
Portrait Of Plantin Moretus,Peter Paul Rubens,Painting
"Golfe, Mer, Falaises Vertes",Pierre-Auguste Renoir,Painting
Standing Nude Woman,Pierre-Auguste Renoir,Painting
Roses In A Glass,Pierre-Auguste Renoir,Painting
Portrait Of A Young Man,Raphaello,Painting
Portrait Of A Lady Of Rank,Raphaello,Painting
Sleeping Model - Ecstasy,Salvador Dalí,Painting
Rhinoceros,Salvador Dalí,Sculpture / Statue
Homme DUne Complexion Malsaine...,Salvador Dalí,Painting
Menorah,Salvador Dalí,Religious Or Liturgical Item
Alice In Wonderland,Salvador Dalí,Sculpture / Statue
Black Horse-Rider,Salvador Dalí,Sculpture / Statue
Young Lady With Rose-Shaped Head Skipping,Salvador Dalí,Sculpture / Statue
Two Naked Women With Long ChickenS Legs,Salvador Dalí,Print
Soft Watch,Salvador Dalí,Painting
Large Insect,Salvador Dalí,Sculpture / Statue
Portrait De Diego,Alberto Giacometti,Drawing
Annette,Alberto Giacometti,Painting
Little Roxbury,Alexander Calder,Sculpture / Statue
Sitting Woman,Amedeo Modigliani,Painting
CampbellS Soup I (Green Pea),Andy Warhol,Print
Portrait Of Richard L. Weisman,Andy Warhol,Print
Superman,Andy Warhol,Print
Black Marilyn,Andy Warhol,Print
Head Of Honore De Balzac,Auguste Rodin,Sculpture / Statue
Graffiti Rat Riding A Cutter,Banksy,Painting
"Charing Cross Bridge, London",Claude Monet,Drawing
Lavacourt Banks,Claude Monet,Painting
Princess X,Constantin Brancusi,Sculpture / Statue
Ballerina,Edgar Degas,Drawing
Still Life With Fez,Eugène Delacroix,Painting
Lion And Lioness In A Cave,Eugène Delacroix,Painting
Paris Rooftops,Eugène Delacroix,Drawing
Se Quebro El Cantero,Francisco de Goya,Print
Cuando Dali Siempre Ha Dicho Que Cezanne---,Francisco de Goya,Print
Vomitacion Reciproca,Francisco de Goya,Print
Studio Interior,Georges Braque,Painting
Reading Woman In White And Yellow,Henri Matisse,Painting
Bubbles,Henry Moore,Sculpture / Statue
Reclining Figure,Henry Moore,Sculpture / Statue
Abstract Work,Jackson Pollock,Painting
La Femme Angora,Joan Miró,Print
Woman With Jewels,Joan Miró,Print
"UbuS Childhood, Plate 20",Joan Miró,Print
Virgin And Child With A Cherub,Leonardo Da Vinci,Painting
Horse With Umbrella,Marc Chagall,Painting
Inspiration,Marc Chagall,Print
Joseph,Marc Chagall,Print
Shellflowers,Max Ernst,Painting
Head,Pablo Picasso,Painting
4 Etudes Informelles 4 Etudes Photographiques,Pablo Picasso,Drawing
Taureau,Pablo Picasso,Drawing
Etude De Personnages Assis Et Allonges,Pablo Picasso,Drawing
Etude De Personnages Couches,Pablo Picasso,Drawing
"Volute Decoupee, Personnage Assis",Pablo Picasso,Drawing
Joute Nautique A Cannes,Pablo Picasso,Drawing
La Plage,Pablo Picasso,Drawing
Sylvette Recto Verso,Pablo Picasso,Drawing
"Objets Divers, Personnage, Fruits Et Animaux",Pablo Picasso,Drawing
"Visage, Colombe Avec Une Fleur Dans Le Bec",Pablo Picasso,Drawing
Etudes De Visages Et Colombes,Pablo Picasso,Drawing
Etudes Pour Couple Dans Un Square,Pablo Picasso,Drawing
Etudes Pour Couple Dans Un Square,Pablo Picasso,Drawing
Interieur,Pablo Picasso,Drawing
Ane,Pablo Picasso,Drawing
Ane,Pablo Picasso,Drawing
Ane,Pablo Picasso,Drawing
Esquisse Pour Femme Au Filet,Pablo Picasso,Drawing
Femme Assise Sur La Plage,Pablo Picasso,Drawing
Etude Pour Lystrata,Pablo Picasso,Drawing
Etude Pour Lystrata,Pablo Picasso,Drawing
Deux Chevaux,Pablo Picasso,Drawing
Scene Erotique,Pablo Picasso,Drawing
Vue De Nice,Pablo Picasso,Drawing
Nature Morte Au Luth,Pablo Picasso,Drawing
Cheval,Pablo Picasso,Drawing
Homme A La Guitare,Pablo Picasso,Drawing
Etude Pour Un Projet De Sculpture,Pablo Picasso,Drawing
Etude De Mandoline,Pablo Picasso,Drawing
Etude Informelle,Pablo Picasso,Drawing
Etude De Personnage,Pablo Picasso,Drawing
Corps De Femme Nu De Face,Pablo Picasso,Drawing
Etude De Jambes De Demoiselles,Pablo Picasso,Drawing
Femme Nue Profil Gauche,Pablo Picasso,Drawing
Femmes Faisant De La Gymnastique,Pablo Picasso,Drawing
Femme Se Lavant Les Pieds Et Vieille,Pablo Picasso,Drawing
Famille,Pablo Picasso,Drawing
Etudes De Nus Dansant,Pablo Picasso,Drawing
WomanS Head And Reclining Figure,Pablo Picasso,Drawing
Femme Nue,Pablo Picasso,Coin / Medal
Minotaur With Cart,Pablo Picasso,Drawing
Olga Sitting,Pablo Picasso,Drawing
Olga In An Armchair,Pablo Picasso,Drawing
Sketch For Still Life With Mandolin,Pablo Picasso,Drawing
"Guitar On A Table, Score And Bottle",Pablo Picasso,Drawing
Guitar On Pedestal Table,Pablo Picasso,Drawing
Scene With Nude Women,Pablo Picasso,Print
Series 347:64,Pablo Picasso,Print
The ArtistS Studio,Pablo Picasso,Print
Profile Of A Young Man,Pablo Picasso,Drawing
The Smoker,Pablo Picasso,Print
Head,Pablo Picasso,Drawing
Woman Sitting In An Armchair,Pablo Picasso,Drawing
Bust On A Star Background,Pablo Picasso,Print
Winged Bull Being Watched By Four Children,Pablo Picasso,Print
Head And Shoulder Portrait Of A Man,Pablo Picasso,Drawing
Woman Holding A SheepS Skull,Pablo Picasso,Painting
Landscape With Chestnuts,Paul Cézanne,Painting
Trees,Paul Cézanne,Painting
Vogelkomoedie,Paul Klee,Print
Three Figures And Cherubs,Peter Paul Rubens,Painting
The Rape Of The Sabines,Peter Paul Rubens,Painting
Daniel In The LionS Den,Peter Paul Rubens,Painting
Fillette Au Tablier,Pierre-Auguste Renoir,Drawing
Gabrielle And Coco,Pierre-Auguste Renoir,Painting
Young Girl In Garden,Pierre-Auguste Renoir,Painting
Seaside Promenade,Pierre-Auguste Renoir,Painting
Portrait Of Arda Boogers,Piet Mondrian,Painting
Figures,Raphaello,Painting
Moments Inoubliables Du Cinema,René Magritte,Painting
Bust Of A Soldier,René Magritte,Painting
Surrealist Piano,Salvador Dalí,Sculpture / Statue
La Danse Du Temps No. Ii,Salvador Dalí,Sculpture / Statue
LAnge Cubiste,Salvador Dalí,Sculpture / Statue
Alice In Wonderland,Salvador Dalí,Sculpture / Statue
Saint Narciso,Salvador Dalí,Painting
Man With A BirdS Head,Salvador Dalí,Sculpture / Statue
The Fallen Angel,Salvador Dalí,Painting
The Virgin Of Port Lligat,Salvador Dalí,Sculpture / Statue
Swan,Salvador Dalí,Sculpture / Statue
House With Three Women In The Street,Vincent van Gogh,Painting
Two Figures,Willem de Kooning,Drawing
Bunte,Andy Warhol,Print
Flowers,Andy Warhol,Painting
CampbellS Soup I (Onion),Andy Warhol,Print
CampbellS Soup I (Tomato),Andy Warhol,Print
Marilyn Fs Ii.29,Andy Warhol,Print
Birth Of Venus,Andy Warhol,Print
Male Torso,Auguste Rodin,Sculpture / Statue
Young Mother And Child,Auguste Rodin,Sculpture / Statue
Frozen Pond,Claude Monet,Painting
Study Of Horse,Edgar Degas,Sculpture / Statue
Horse Trot,Edgar Degas,Sculpture / Statue
Cortege Near Florence,Edgar Degas,Painting
Leaving The Weigh-In,Edgar Degas,Painting
Dancer Adjusting Her Shoe,Edgar Degas,Drawing
Trotting Horse,Edgar Degas,Sculpture / Statue
Mme TellierS Establishment,Edgar Degas,Painting
Red Rooster,Fernand Léger,Painting
Still Life With Balalaikia,Fernand Léger,Painting
Polychrome Hatbox,Fernand Léger,Painting
LOlivier Pres De LEstaque,Georges Braque,Painting
Glass And Fruit,Georges Braque,Painting
Vase With KlimtS Judith,Gustav Klimt,Ceramics
Portrait Of A Woman,Gustav Klimt,Painting
"Sketch For A Costume, Front And Back",Henri Matisse,Drawing
Femme Oiseau,Joan Miró,Sculpture / Statue
El Crimen Del Matar Es Menos Humano Que ..,Joan Miró,Print
Knife Thrower,Joan Miró,Print
Girl With A Long Neck,Joan Miró,Sculpture / Statue
Errantes Graminees,Joan Miró,Print
Park Flowers,Marc Chagall,Print
ElijahS Chariot,Marc Chagall,Print
Still Life With Flowers,Marc Chagall,Print
Arc De Triomphe,Marc Chagall,Print
Peasant At The Well,Marc Chagall,Drawing
A Goat Musician,Marc Chagall,Painting
Benjamin,Marc Chagall,Print
Issachar,Marc Chagall,Print
The Lovers At The Isba,Marc Chagall,Print
The Soul Of The Circus,Marc Chagall,Print
Silhouette DAnimal,Pablo Picasso,Drawing
Personnage,Pablo Picasso,Drawing
La Plage,Pablo Picasso,Drawing
La Plage,Pablo Picasso,Drawing
Etude Pour Le Chant Des Fleurs,Pablo Picasso,Drawing
Etude Pour Le Chant Des Fleurs,Pablo Picasso,Drawing
Etude Pour Sculpture En Bois Peint,Pablo Picasso,Drawing
Homme Au Mouton,Pablo Picasso,Drawing
Cavalier En Armure Et Son Page,Pablo Picasso,Drawing
Le Tournoi,Pablo Picasso,Drawing
Etudes,Pablo Picasso,Drawing
Etudes Pour Couple Dans Un Square,Pablo Picasso,Drawing
Etudes Pour Couple Dans Un Square,Pablo Picasso,Drawing
Etudes Pour Couple Dans Un Square,Pablo Picasso,Drawing
Etudes De Tetes,Pablo Picasso,Drawing
Oiseaux,Pablo Picasso,Drawing
Etude De Nu Assis,Pablo Picasso,Drawing
Mise A Mort,Pablo Picasso,Drawing
Esquisse Pour Femme Au Filet,Pablo Picasso,Drawing
Femme Sur Une Plage Et Nageurs,Pablo Picasso,Drawing
Sculpteur Et Modele,Pablo Picasso,Drawing
Etude Pour Lystrata,Pablo Picasso,Drawing
Etude Pour Lystrata (Le Port),Pablo Picasso,Drawing
Etudes De Lignes Paralleles,Pablo Picasso,Drawing
Guitariste Et Peintre,Pablo Picasso,Drawing
Guitare,Pablo Picasso,Drawing
Paysage A La Guitare,Pablo Picasso,Drawing
Gueridon,Pablo Picasso,Drawing
Poule,Pablo Picasso,Drawing
Personnage Cubiste,Pablo Picasso,Drawing
Etude DUn Nu,Pablo Picasso,Drawing
Femme Nue Assise Accoudee,Pablo Picasso,Drawing
"Femme Nue De Profil, Cupidon Et Satyre",Pablo Picasso,Drawing
Corps Sans Tete,Pablo Picasso,Drawing
Figure Standing On A Horse,Pablo Picasso,Drawing
Head,Pablo Picasso,Drawing
Portrait DUn Jeune Homme En Bretelles,Pablo Picasso,Drawing
Tete De Faune,Pablo Picasso,Coin / Medal
Tete En Forme DHorloge,Pablo Picasso,Coin / Medal
La Muse,Pablo Picasso,Painting
Portrait Of Olga,Pablo Picasso,Drawing
Crossed Out Sketch For Mercury Scenery,Pablo Picasso,Drawing
Sketch For Guitars,Pablo Picasso,Drawing
Sketch For Still Life With Mandolin,Pablo Picasso,Drawing
A Musketeer,Pablo Picasso,Painting
Dans LAtelier Ii,Pablo Picasso,Print
Red And Yellow Pique,Pablo Picasso,Print
Seated Woman With Hat,Pablo Picasso,Print
Seated Couple,Pablo Picasso,Print
Abstract Work,Pablo Picasso,Painting
Compositions With Nude Figures,Pablo Picasso,Print
Portrait Of A Man,Pablo Picasso,Painting
Venus Foraine,Pablo Picasso,Print
Rembrandt And Young Woman In Profile,Pablo Picasso,Print
Four Men Bathing,Paul Cézanne,Print
Horror Of War,Peter Paul Rubens,Painting
Tobias And Angel,Peter Paul Rubens,Painting
Landscape,Pierre-Auguste Renoir,Painting
Bunch Of Flowers,Pierre-Auguste Renoir,Painting
Young Women In The Country,Pierre-Auguste Renoir,Painting
Morning Promises,René Magritte,Painting
Space Elephant,Salvador Dalí,Sculpture / Statue
Woman Aflame,Salvador Dalí,Sculpture / Statue
Surrealist Composition,Salvador Dalí,Print
Orchestra,Salvador Dalí,Painting
Circle And Spot,Wassily Kandinsky,Painting
Landscape,Wassily Kandinsky,Painting
Monstrance,A Martin,Religious Or Liturgical Item
St Francois DAssise,Alberto Giacometti,Drawing
Flowers In A Vase,Alberto Giacometti,Print
Hand Of The Devil,Auguste Rodin,Sculpture / Statue
Reclining Woman,Auguste Rodin,Painting
Marine,Claude Monet,Painting
Peasant Woman With Basket,Diego Rivera,Painting
"Ballerina, Front View",Edgar Degas,Drawing
Portrait Of A Woman,Edouard Manet,Painting
Separation Ii,Edvard Munch,Print
Study For Portrait Of John Edwards,Francis Bacon,Print
Si,Francisco de Goya,Print
Reflejos De Luna,Francisco de Goya,Print
Principio De Incertidumbre Deheisenberg,Francisco de Goya,Print
The Three Apples,Georges Braque,Painting
Pages De Garde,Georges Braque,Print
Head Of A Woman,Henri Matisse,Drawing
Two Women Lying,Henri Matisse,Drawing
Reclining Woman,Henry Moore,Sculpture / Statue
The Concert,Jan Vermeer,Painting
Cobweb,Joan Miró,Drawing
"UbuS Childhood, Plate 11",Joan Miró,Print
Virgin And Child,Leonardo Da Vinci,Painting
Baccanale,Marc Chagall,Painting
Jacob And The Angels,Marc Chagall,Print
JacobS Dream,Marc Chagall,Print
Moses And The Tables Of The Law,Marc Chagall,Print
Maternity With Centaur,Marc Chagall,Print
The Red Rooster,Marc Chagall,Print
The Angels Bay,Marc Chagall,Print
The Lilacs,Marc Chagall,Print
Sun In The Studio,Marc Chagall,Print
America,Maurizio Cattelan,Furniture
Untitled,Max Ernst,Painting
Nature At Dawn,Max Ernst,Painting
Portrait Of Jacqueline Resting On Her Elbows,Pablo Picasso,Print
Several Figures,Pablo Picasso,Print
Le Laboureur Celeste,Pablo Picasso,Drawing
4 Etudes Informelles 4 Etudes Photographiques,Pablo Picasso,Drawing
4 Etudes Informelles 4 Etudes Photographiques,Pablo Picasso,Drawing
Double Face - Esquisse De Profil,Pablo Picasso,Drawing
Double Face - Esquisse De Profil,Pablo Picasso,Drawing
Couple En Costume 16Eme Siecle,Pablo Picasso,Drawing
Etude De Personnages Assis Et Allonges,Pablo Picasso,Drawing
La Plage,Pablo Picasso,Drawing
Quatre Etudes De Femme Debout,Pablo Picasso,Drawing
Visage DHomme,Pablo Picasso,Drawing
"Etude Pour La Guerre Et La Paix, Le Hibou...",Pablo Picasso,Drawing
"Objets Divers, Personnage, Fruits Et Animaux",Pablo Picasso,Drawing
"Femme, Coiffure Floue",Pablo Picasso,Drawing
Ane,Pablo Picasso,Drawing
Ane,Pablo Picasso,Drawing
Marie-Therese Profil A Gauche,Pablo Picasso,Drawing
Oiseaux,Pablo Picasso,Drawing
Mains,Pablo Picasso,Drawing
Etude De Nature Morte Sur Une Table,Pablo Picasso,Drawing
Peintre Et Son Modele,Pablo Picasso,Drawing
Etude Pour Femme Au Piano,Pablo Picasso,Drawing
Etude Pour Lystrata,Pablo Picasso,Drawing
Deux Chevaux,Pablo Picasso,Drawing
Composition,Pablo Picasso,Drawing
Femme Dans Un Fauteuil,Pablo Picasso,Drawing
Nature Morte Cubiste,Pablo Picasso,Drawing
Tete,Pablo Picasso,Drawing
Tete,Pablo Picasso,Drawing
Personnage-Architecture,Pablo Picasso,Drawing
Projet Pour Sculpture En Bois,Pablo Picasso,Drawing
Femme Nue Assise Accoudee,Pablo Picasso,Drawing
Male Head And Walking Birds,Pablo Picasso,Drawing
Trois Feuilles De Caricatures,Pablo Picasso,Drawing
Couple Couche,Pablo Picasso,Drawing
Torero,Pablo Picasso,Drawing
Visage De Profil Gauche,Pablo Picasso,Drawing
Medallion Joie De Vivre,Pablo Picasso,Gold & Silverware / Jewellery
Group,Pablo Picasso,Print
Tete De Matador,Pablo Picasso,Drawing
Harlequin,Pablo Picasso,Drawing
"Olga With Bun, Seen In Profile",Pablo Picasso,Drawing
Couple On The Grass,Pablo Picasso,Print
"Les Dejeuners, Apres Manet 1961",Pablo Picasso,Drawing
Bull Fighter,Pablo Picasso,Painting
Naked Men And Woman,Pablo Picasso,Drawing
Figures,Pablo Picasso,Print
Reclining Female Nude,Pablo Picasso,Print
Two Women Shown In Profile,Pablo Picasso,Print
Four Nudes Seated,Pablo Picasso,Print
Two Profiles Facing Each Other,Pablo Picasso,Print
Two Young Men,Pablo Picasso,Print
Painter And Model,Pablo Picasso,Print
Fernande - Edition 2/9,Pablo Picasso,Sculpture / Statue
St Victoire Mountain,Paul Cézanne,Painting
"Woman In Front Of An Open Window, The Fiancee",Paul Gauguin,Painting
Befestigter Ort,Paul Klee,Painting
Descent From The Cross,Peter Paul Rubens,Painting
Seneca,Peter Paul Rubens,Painting
Battle Scene,Peter Paul Rubens,Painting
The Adoration Of The Shepherds,Peter Paul Rubens,Painting
Environs De Cagnes,Pierre-Auguste Renoir,Painting
Landscape With River,Pierre-Auguste Renoir,Painting
Coco Drawing,Pierre-Auguste Renoir,Painting
Portrait Of Madame Albert Andre,Pierre-Auguste Renoir,Painting
Philosopher With A Flowing Beard,Raphaello,Drawing
Virgin Mary Visiting Elisabeth,Raphaello,Painting
Surrealist Newton,Salvador Dalí,Sculpture / Statue
Man With Butterfly,Salvador Dalí,Sculpture / Statue 
Dance Of Time Iii,Salvador Dalí,Sculpture / Statue
Picasso: A Ticket To Glory,Salvador Dalí,Print
Crucifixion,Salvador Dalí,Print
Femme A La Tete De Rose,Salvador Dalí,Sculpture / Statue
Lady With Drawers,Salvador Dalí,Sculpture / Statue
Mitsukoskis Monalisa,Salvador Dalí,Sculpture / Statue
The Three Graces,Salvador Dalí,Sculpture / Statue
The Banquet,Salvador Dalí,Print
Wrecks Of An Automobile Vehicle Giving Birth-,Salvador Dalí,Sculpture / Statue
The Albatross,Salvador Dalí,Sculpture / Statue
Standing Figure,Alberto Giacometti,Sculpture / Statue
Siberian Tiger,Andy Warhol,Print
Bighorn Ram,Andy Warhol,Print
Portrait Of Gertrude Stein,Andy Warhol,Print
Portrait Of George Gershwin,Andy Warhol,Print
Birth Of Venus,Andy Warhol,Print
Ingrid Bergman With Hat,Andy Warhol,Print
Wayne Gretzky No. 99,Andy Warhol,Print
Mick Jagger,Andy Warhol,Print
Eternal Spring,Auguste Rodin,Sculpture / Statue
Woman Walking,Auguste Rodin,Painting
Torrent De La Creuse,Claude Monet,Painting
Circles,Damien Hirst,Drawing
Little Girl With A Doll,Diego Rivera,Painting
Sitting Dancer,Edgar Degas,Drawing
Two Horses In A Meadow,Edgar Degas,Drawing
Three Dancers,Edgar Degas,Drawing
Arab Chieftain,Eugène Delacroix,Drawing
Al Matadero,Francisco de Goya,Print
No,Francisco de Goya,Print
Ni Menos Ni Mas,Francisco de Goya,Print
Black Bird On A Green Background,Georges Braque,Print
Reclining Figure,Henry Moore,Sculpture / Statue
Stylized Figures,Joan Miró,Tapestry
"UbuS Childhood, Plate 12",Joan Miró,Print
Composition Ii,Joan Miró,Print
The Presentation Of Christ,Luca Longhi,Painting
Le Bouquet De Fleurs De Paris,Marc Chagall,Print
JacobS Ladder,Marc Chagall,Painting
Jew With Torah,Marc Chagall,Painting
Big Fruit Basket,Marc Chagall,Print
The Ladder,Marc Chagall,Print
Ruben,Marc Chagall,Print
The Two Shores,Marc Chagall,Print
Projet DAffiche Pour Exposition De Ceramique,Pablo Picasso,Drawing
Silhouette DAnimal,Pablo Picasso,Drawing
Femme Couchee,Pablo Picasso,Drawing
Deux Femmes,Pablo Picasso,Drawing
Visage DHomme,Pablo Picasso,Drawing
Le Laboureur Celeste,Pablo Picasso,Drawing
Faune,Pablo Picasso,Drawing
A La Jeunesse,Pablo Picasso,Drawing
Etudes,Pablo Picasso,Drawing
Mains,Pablo Picasso,Drawing
Mains,Pablo Picasso,Drawing
Ane,Pablo Picasso,Drawing
Etude Pour Personnage Assis,Pablo Picasso,Drawing
Femme Accroupie Les Genoux Entre Les Mains,Pablo Picasso,Drawing
Etude Pour Lystrata,Pablo Picasso,Drawing
Homme Barbu De Face,Pablo Picasso,Drawing
Composition Au Gueridon Et A La Guitare,Pablo Picasso,Drawing
Composition,Pablo Picasso,Drawing
Etude DUn Gueridon Entre Deux Fenetres,Pablo Picasso,Drawing
Picasso Et Olga,Pablo Picasso,Drawing
Composition,Pablo Picasso,Drawing
Femme,Pablo Picasso,Drawing
Homme Au Chapeau Assis Sur Un Fauteuil,Pablo Picasso,Drawing
Etude Cubiste - Personnage Assis,Pablo Picasso,Drawing
Homme A La Guitare,Pablo Picasso,Drawing
Femme Assise Sur Un Fauteuil,Pablo Picasso,Drawing
Nature Morte A La Plume,Pablo Picasso,Drawing
Guitare,Pablo Picasso,Drawing
Visages Feminins,Pablo Picasso,Drawing
Maternite,Pablo Picasso,Drawing
Figure On Newspaper,Pablo Picasso,Drawing
Etude Et Nu,Pablo Picasso,Drawing
Groupes De Personnages,Pablo Picasso,Drawing
Groupe De Personnages,Pablo Picasso,Drawing
Artist Family 1904,Pablo Picasso,Print
The Torero Escamillo 1949,Pablo Picasso,Print
Man And Woman In Sideview,Pablo Picasso,Print
Picador - Carmen,Pablo Picasso,Print
Painter With Models,Pablo Picasso,Print
Olga On Her Left Elbow,Pablo Picasso,Drawing
Sketch For A Letter,Pablo Picasso,Drawing
Sketch For A Woman Seated In An Armchair,Pablo Picasso,Drawing
Bowl And Guitar On A Table,Pablo Picasso,Drawing
Carnaval,Pablo Picasso,Print
Bacchanalia With Bull,Pablo Picasso,Print
"Seated Nude Female, Head In Hand",Pablo Picasso,Print
Sitting Woman With Crossed Arms,Pablo Picasso,Drawing
Portrait Of A Woman,Pablo Picasso,Painting
Composition,Pablo Picasso,Drawing
Sculptor At Work,Pablo Picasso,Print
Boy And Sleeping Girl With Candle,Pablo Picasso,Print
Two Acrobats With A Dog,Pablo Picasso,Painting
Two Men,Paul Cézanne,Drawing
Landscape With Lake,Paul Cézanne,Painting
Bathers,Paul Cézanne,Print
Still Life,Paul Gauguin,Painting
Three White Bluebells,Paul Klee,Painting
Coronation Of Christ With A Thorn Crown,Peter Paul Rubens,Painting
The Adoration Of The Magi,Peter Paul Rubens,Painting
Head Of A Young Man,Peter Paul Rubens,Painting
Bacchanalia,Peter Paul Rubens,Painting
Young Girl With A Green Hat,Pierre-Auguste Renoir,Painting
Mother And Child,Pierre-Auguste Renoir,Sculpture / Statue
Stream Bordered By Wooded Landscape,Piet Mondrian,Painting
Egual - Parallel Guernica Bengasi 1986,Richard Serra,Sculpture / Statue
Woman Aflame,Salvador Dalí,Sculpture / Statue
Horse Saddled With Time,Salvador Dalí,Sculpture / Statue
Illustration Histaminic Reaction - Nose,Salvador Dalí,Painting
Madonna Of Port Lligat,Salvador Dalí,Sculpture / Statue
Hysterical Venus,Salvador Dalí,Sculpture / Statue
Profile Of Time,Salvador Dalí,Sculpture / Statue
Tribute Paid To Philosophy,Salvador Dalí,Sculpture / Statue
Argus The Mythology,Salvador Dalí,Print
Calma,Salvador Dalí,Painting
Surrealista,Salvador Dalí,Painting
Mr. Cloud,Takashi Murakami,Sculpture / Statue
LÃplucheuse De Pommes De Terre,Vincent van Gogh,Drawing
Landscape With A Tree In The Wind,Vincent van Gogh,Painting